date,views,unique_views,clones,unique_clones
2026-09-04,null,null,null,null
2026-09-05,null,null,null,null
2026-09-06,null,null,null,null
2026-09-07,null,null,null,null
2026-09-08,null,null,null,null
2026-09-09,null,null,null,null
2026-09-10,null,null,null,null
2026-09-11,null,null,null,null
2026-09-12,null,null,null,null
2026-09-13,null,null,null,null
2026-09-14,null,null,null,null
2026-09-15,null,null,null,null
2026-09-16,null,null,null,null
2026-09-17,null,null,null,null
2026-09-18,null,null,null,null
2026-09-19,null,null,null,null
2026-09-20,null,null,null,null
2026-09-21,null,null,null,null
2026-09-22,null,null,null,null
2026-09-23,null,null,null,null
2026-09-24,null,null,null,null
2026-09-25,null,null,null,null
2026-09-26,null,null,null,null
2026-09-27,null,null,null,null
2026-09-28,null,null,null,null
2026-09-29,null,null,null,null
2026-09-30,null,null,null,null
2026-10-01,null,null,null,null
2026-10-02,null,null,null,null
2026-10-03,null,null,null,null
2026-10-04,null,null,null,null
2026-10-05,null,null,null,null
2026-10-06,null,null,null,null
2026-10-07,null,null,null,null
2026-10-08,null,null,null,null
